timestamp_sec,joint,angle_diff_deg
5.0,left_elbow,155.19
5.0,right_elbow,112.93
5.0,left_shoulder,-14.66
5.0,right_shoulder,-55.92
5.0,left_knee,-49.02
5.0,right_knee,-48.49
5.133,left_elbow,148.48
5.133,right_elbow,2.92
5.133,left_shoulder,-14.52
5.133,right_shoulder,-6.85
5.133,left_knee,-22.27
5.133,right_knee,-12.65
5.367,left_elbow,2.96
5.367,right_elbow,160.76
5.367,left_shoulder,-51.8
5.367,right_shoulder,-26.0
5.367,left_knee,0.24
5.367,right_knee,-11.31
5.5,left_elbow,124.87
5.5,right_elbow,164.46
5.5,left_shoulder,-26.66
5.5,right_shoulder,-25.02
5.5,left_knee,-24.84
5.5,right_knee,-21.49
5.633,left_elbow,10.01
5.633,right_elbow,164.27
5.633,left_shoulder,-34.87
5.633,right_shoulder,-23.82
5.633,left_knee,-17.57
5.633,right_knee,-10.27
5.867,left_elbow,18.44
5.867,right_elbow,151.33
5.867,left_shoulder,-14.0
5.867,right_shoulder,-12.77
5.867,left_knee,-4.21
5.867,right_knee,83.8
6.0,left_elbow,-45.66
6.0,right_elbow,-47.67
6.0,left_shoulder,14.37
6.0,right_shoulder,4.52
6.0,left_knee,5.34
6.0,right_knee,-56.58
6.133,left_elbow,-122.2
6.133,right_elbow,-125.16
6.133,left_shoulder,-10.91
6.133,right_shoulder,-29.8
6.133,left_knee,-3.08
6.133,right_knee,-4.88
6.367,left_elbow,-49.94
6.367,right_elbow,-93.69
6.367,left_shoulder,-33.19
6.367,right_shoulder,-96.59
6.367,left_knee,-9.99
6.367,right_knee,-31.52
6.5,left_elbow,-48.01
6.5,right_elbow,-161.47
6.5,left_shoulder,78.0
6.5,right_shoulder,-75.5
6.5,left_knee,8.8
6.5,right_knee,-32.5
6.633,left_elbow,-54.05
6.633,right_elbow,-17.04
6.633,left_shoulder,75.79
6.633,right_shoulder,-5.28
6.633,left_knee,10.46
6.633,right_knee,4.57
6.867,left_elbow,-98.24
6.867,right_elbow,-54.84
6.867,left_shoulder,53.85
6.867,right_shoulder,13.76
6.867,left_knee,-6.49
6.867,right_knee,-5.26
7.0,left_elbow,-131.39
7.0,right_elbow,41.54
7.0,left_shoulder,-5.89
7.0,right_shoulder,17.51
7.0,left_knee,-101.68
7.0,right_knee,-20.99
7.067,left_elbow,-72.46
7.067,right_elbow,38.11
7.067,left_shoulder,-10.86
7.067,right_shoulder,14.65
7.067,left_knee,-56.36
7.067,right_knee,-20.65
7.133,left_elbow,25.39
7.133,right_elbow,92.21
7.133,left_shoulder,28.86
7.133,right_shoulder,21.99
7.133,left_knee,-34.55
7.133,right_knee,-1.6
7.167,left_elbow,36.7
7.167,right_elbow,46.33
7.167,left_shoulder,27.27
7.167,right_shoulder,50.81
7.167,left_knee,-22.95
7.167,right_knee,-7.79
7.2,left_elbow,44.31
7.2,right_elbow,56.42
7.2,left_shoulder,22.94
7.2,right_shoulder,69.45
7.2,left_knee,-21.32
7.2,right_knee,-18.96
7.3,left_elbow,41.33
7.3,right_elbow,101.77
7.3,left_shoulder,-1.46
7.3,right_shoulder,72.59
7.3,left_knee,-23.57
7.3,right_knee,-18.27
7.333,left_elbow,27.67
7.333,right_elbow,104.5
7.333,left_shoulder,7.96
7.333,right_shoulder,74.8
7.333,left_knee,-32.58
7.333,right_knee,-9.82
7.367,left_elbow,-0.12
7.367,right_elbow,115.98
7.367,left_shoulder,18.18
7.367,right_shoulder,74.9
7.367,left_knee,-29.97
7.367,right_knee,-13.37
7.433,left_elbow,127.33
7.433,right_elbow,125.54
7.433,left_shoulder,15.56
7.433,right_shoulder,70.31
7.433,left_knee,3.94
7.433,right_knee,-12.3
7.5,left_elbow,137.09
7.5,right_elbow,129.44
7.5,left_shoulder,7.92
7.5,right_shoulder,71.12
7.5,left_knee,6.02
7.5,right_knee,-4.38
7.567,left_elbow,138.06
7.567,right_elbow,122.4
7.567,left_shoulder,-0.58
7.567,right_shoulder,69.88
7.567,left_knee,0.87
7.567,right_knee,-9.38
7.633,left_elbow,136.06
7.633,right_elbow,120.43
7.633,left_shoulder,-10.12
7.633,right_shoulder,66.14
7.633,left_knee,-1.93
7.633,right_knee,-8.02
7.667,left_elbow,135.57
7.667,right_elbow,114.38
7.667,left_shoulder,-9.76
7.667,right_shoulder,58.97
7.667,left_knee,0.71
7.667,right_knee,-8.9
7.7,left_elbow,127.86
7.7,right_elbow,107.86
7.7,left_shoulder,-10.82
7.7,right_shoulder,54.81
7.7,left_knee,-2.06
7.7,right_knee,-31.91
7.8,left_elbow,33.66
7.8,right_elbow,40.11
7.8,left_shoulder,-19.43
7.8,right_shoulder,41.31
7.8,left_knee,-17.08
7.8,right_knee,-16.01
7.833,left_elbow,-12.12
7.833,right_elbow,7.78
7.833,left_shoulder,-7.78
7.833,right_shoulder,30.46
7.833,left_knee,-8.19
7.833,right_knee,-12.34
7.867,left_elbow,-8.12
7.867,right_elbow,-8.07
7.867,left_shoulder,-1.18
7.867,right_shoulder,26.93
7.867,left_knee,-2.66
7.867,right_knee,-9.39
7.933,left_elbow,5.15
7.933,right_elbow,11.37
7.933,left_shoulder,-2.69
7.933,right_shoulder,17.45
7.933,left_knee,-6.76
7.933,right_knee,-26.04
8.0,left_elbow,10.69
8.0,right_elbow,6.54
8.0,left_shoulder,-15.04
8.0,right_shoulder,23.39
8.0,left_knee,-11.01
8.0,right_knee,-37.18
8.067,left_elbow,24.77
8.067,right_elbow,69.36
8.067,left_shoulder,-26.36
8.067,right_shoulder,-71.3
8.067,left_knee,-13.21
8.067,right_knee,-46.6
8.167,left_elbow,144.92
8.167,right_elbow,140.36
8.167,left_shoulder,-35.6
8.167,right_shoulder,10.71
8.167,left_knee,-8.42
8.167,right_knee,-22.77
8.333,left_elbow,154.79
8.333,right_elbow,142.98
8.333,left_shoulder,-32.89
8.333,right_shoulder,28.34
8.333,left_knee,-9.08
8.333,right_knee,-31.5
8.433,left_elbow,156.71
8.433,right_elbow,158.96
8.433,left_shoulder,-41.45
8.433,right_shoulder,33.64
8.433,left_knee,-2.53
8.433,right_knee,-32.52
8.5,left_elbow,143.32
8.5,right_elbow,167.83
8.5,left_shoulder,-50.69
8.5,right_shoulder,30.32
8.5,left_knee,2.52
8.5,right_knee,-11.54
8.567,left_elbow,131.86
8.567,right_elbow,138.49
8.567,left_shoulder,-61.22
8.567,right_shoulder,38.32
8.567,left_knee,29.3
8.567,right_knee,18.77
8.667,left_elbow,123.48
8.667,right_elbow,111.44
8.667,left_shoulder,-50.55
8.667,right_shoulder,33.87
8.667,left_knee,44.62
8.667,right_knee,47.79
8.833,left_elbow,-93.16
8.833,right_elbow,34.15
8.833,left_shoulder,-55.68
8.833,right_shoulder,35.97
8.833,left_knee,-9.26
8.833,right_knee,36.29
8.933,left_elbow,-167.65
8.933,right_elbow,-144.24
8.933,left_shoulder,-34.04
8.933,right_shoulder,24.25
8.933,left_knee,5.83
8.933,right_knee,-32.79
9.0,left_elbow,-169.53
9.0,right_elbow,-152.73
9.0,left_shoulder,-24.3
9.0,right_shoulder,13.35
9.0,left_knee,-11.05
9.0,right_knee,-22.22
9.067,left_elbow,-159.54
9.067,right_elbow,-136.47
9.067,left_shoulder,-6.32
9.067,right_shoulder,-2.12
9.067,left_knee,15.94
9.067,right_knee,-10.37
9.1,left_elbow,-141.85
9.1,right_elbow,-102.88
9.1,left_shoulder,-2.57
9.1,right_shoulder,-4.2
9.1,left_knee,28.65
9.1,right_knee,6.48
9.167,left_elbow,111.27
9.167,right_elbow,73.88
9.167,left_shoulder,27.07
9.167,right_shoulder,3.92
9.167,left_knee,-45.37
9.167,right_knee,51.35
9.333,left_elbow,151.01
9.333,right_elbow,146.88
9.333,left_shoulder,37.05
9.333,right_shoulder,-20.94
9.333,left_knee,-57.15
9.333,right_knee,40.68
9.4,left_elbow,168.79
9.4,right_elbow,118.69
9.4,left_shoulder,37.33
9.4,right_shoulder,-32.17
9.4,left_knee,0.52
9.4,right_knee,31.23
9.433,left_elbow,24.95
9.433,right_elbow,54.79
9.433,left_shoulder,44.85
9.433,right_shoulder,-40.72
9.433,left_knee,4.85
9.433,right_knee,37.83
9.5,left_elbow,5.1
9.5,right_elbow,5.31
9.5,left_shoulder,44.42
9.5,right_shoulder,-55.08
9.5,left_knee,12.34
9.5,right_knee,39.32
9.567,left_elbow,-2.94
9.567,right_elbow,-4.19
9.567,left_shoulder,47.59
9.567,right_shoulder,-59.49
9.567,left_knee,7.05
9.567,right_knee,38.81
9.6,left_elbow,-1.07
9.6,right_elbow,10.65
9.6,left_shoulder,46.65
9.6,right_shoulder,-51.74
9.6,left_knee,12.1
9.6,right_knee,27.35
9.667,left_elbow,8.03
9.667,right_elbow,27.13
9.667,left_shoulder,64.4
9.667,right_shoulder,-25.96
9.667,left_knee,13.69
9.667,right_knee,17.2
9.833,left_elbow,-6.95
9.833,right_elbow,25.74
9.833,left_shoulder,113.06
9.833,right_shoulder,125.12
9.833,left_knee,44.08
9.833,right_knee,44.26
9.9,left_elbow,-11.24
9.9,right_elbow,11.31
9.9,left_shoulder,113.9
9.9,right_shoulder,94.12
9.9,left_knee,-43.15
9.9,right_knee,62.69
10.1,left_elbow,3.97
10.1,right_elbow,59.71
10.1,left_shoulder,11.01
10.1,right_shoulder,45.97
10.1,left_knee,-14.75
10.1,right_knee,1.71
10.167,left_elbow,-7.91
10.167,right_elbow,97.27
10.167,left_shoulder,-43.63
10.167,right_shoulder,39.34
10.167,left_knee,-1.97
10.167,right_knee,12.38
10.333,left_elbow,164.65
10.333,right_elbow,-18.35
10.333,left_shoulder,-8.63
10.333,right_shoulder,32.17
10.333,left_knee,-66.62
10.333,right_knee,-11.22
10.4,left_elbow,81.98
10.4,right_elbow,-10.41
10.4,left_shoulder,3.18
10.4,right_shoulder,11.27
10.4,left_knee,-87.2
10.4,right_knee,18.21
10.433,left_elbow,39.69
10.433,right_elbow,-23.13
10.433,left_shoulder,-34.98
10.433,right_shoulder,1.73
10.433,left_knee,-88.75
10.433,right_knee,-29.54
10.5,left_elbow,23.83
10.5,right_elbow,-21.94
10.5,left_shoulder,-2.24
10.5,right_shoulder,3.48
10.5,left_knee,-77.6
10.5,right_knee,-34.21
10.567,left_elbow,45.82
10.567,right_elbow,-15.29
10.567,left_shoulder,20.31
10.567,right_shoulder,-4.81
10.567,left_knee,-82.27
10.567,right_knee,-58.83
10.6,left_elbow,87.33
10.6,right_elbow,-19.6
10.6,left_shoulder,51.5
10.6,right_shoulder,-13.98
10.6,left_knee,-84.08
10.6,right_knee,-39.95
10.667,left_elbow,155.4
10.667,right_elbow,-29.86
10.667,left_shoulder,-22.79
10.667,right_shoulder,-43.95
10.667,left_knee,-44.46
10.667,right_knee,-22.11
10.833,left_elbow,119.82
10.833,right_elbow,-13.15
10.833,left_shoulder,-53.63
10.833,right_shoulder,-46.82
10.833,left_knee,20.04
10.833,right_knee,3.27
10.9,left_elbow,136.22
10.9,right_elbow,136.36
10.9,left_shoulder,-6.4
10.9,right_shoulder,-38.31
10.9,left_knee,16.88
10.9,right_knee,40.67
10.933,left_elbow,151.09
10.933,right_elbow,147.39
10.933,left_shoulder,32.76
10.933,right_shoulder,-21.85
10.933,left_knee,-2.14
10.933,right_knee,74.67
11.0,left_elbow,148.15
11.0,right_elbow,148.17
11.0,left_shoulder,56.48
11.0,right_shoulder,-18.99
11.0,left_knee,-15.05
11.0,right_knee,69.43
11.067,left_elbow,137.2
11.067,right_elbow,119.98
11.067,left_shoulder,89.04
11.067,right_shoulder,80.76
11.067,left_knee,1.91
11.067,right_knee,33.57
11.1,left_elbow,132.49
11.1,right_elbow,125.47
11.1,left_shoulder,99.16
11.1,right_shoulder,90.63
11.1,left_knee,-3.49
11.1,right_knee,11.8
11.167,left_elbow,148.41
11.167,right_elbow,126.66
11.167,left_shoulder,90.81
11.167,right_shoulder,97.11
11.167,left_knee,-5.52
11.167,right_knee,9.39
11.333,left_elbow,57.55
11.333,right_elbow,45.04
11.333,left_shoulder,42.39
11.333,right_shoulder,102.45
11.333,left_knee,-42.9
11.333,right_knee,16.12
11.4,left_elbow,-8.75
11.4,right_elbow,25.07
11.4,left_shoulder,138.8
11.4,right_shoulder,101.01
11.4,left_knee,-42.48
11.4,right_knee,44.58
11.433,left_elbow,9.55
11.433,right_elbow,81.15
11.433,left_shoulder,18.86
11.433,right_shoulder,142.82
11.433,left_knee,-39.65
11.433,right_knee,35.73
11.5,left_elbow,1.08
11.5,right_elbow,117.33
11.5,left_shoulder,13.55
11.5,right_shoulder,123.73
11.5,left_knee,-57.69
11.5,right_knee,17.49
11.567,left_elbow,5.02
11.567,right_elbow,-31.14
11.567,left_shoulder,14.26
11.567,right_shoulder,61.91
11.567,left_knee,-66.69
11.567,right_knee,-4.6
11.6,left_elbow,2.0
11.6,right_elbow,-36.88
11.6,left_shoulder,9.69
11.6,right_shoulder,65.56
11.6,left_knee,-91.78
11.6,right_knee,-7.58
11.667,left_elbow,-0.57
11.667,right_elbow,-40.69
11.667,left_shoulder,2.84
11.667,right_shoulder,76.16
11.667,left_knee,-100.62
11.667,right_knee,-17.87
11.833,left_elbow,13.19
11.833,right_elbow,-8.85
11.833,left_shoulder,4.98
11.833,right_shoulder,82.49
11.833,left_knee,-111.27
11.833,right_knee,-40.93
11.9,left_elbow,103.88
11.9,right_elbow,75.77
11.9,left_shoulder,56.43
11.9,right_shoulder,90.86
11.9,left_knee,-87.57
11.9,right_knee,-14.88
11.933,left_elbow,105.02
11.933,right_elbow,90.18
11.933,left_shoulder,69.89
11.933,right_shoulder,100.95
11.933,left_knee,-50.72
11.933,right_knee,-2.45
12.0,left_elbow,78.83
12.0,right_elbow,-6.26
12.0,left_shoulder,92.74
12.0,right_shoulder,121.22
12.0,left_knee,99.04
12.0,right_knee,-46.63
12.067,left_elbow,36.23
12.067,right_elbow,35.3
12.067,left_shoulder,63.63
12.067,right_shoulder,131.64
12.067,left_knee,10.15
12.067,right_knee,12.7
12.1,left_elbow,56.8
12.1,right_elbow,4.0
12.1,left_shoulder,60.41
12.1,right_shoulder,141.05
12.1,left_knee,17.62
12.1,right_knee,25.5
12.167,left_elbow,-38.42
12.167,right_elbow,3.75
12.167,left_shoulder,30.34
12.167,right_shoulder,91.37
12.167,left_knee,-3.94
12.167,right_knee,23.71
12.333,left_elbow,49.14
12.333,right_elbow,-37.6
12.333,left_shoulder,-26.78
12.333,right_shoulder,-136.29
12.333,left_knee,20.27
12.333,right_knee,7.42
12.4,left_elbow,170.9
12.4,right_elbow,43.38
12.4,left_shoulder,-41.56
12.4,right_shoulder,-139.06
12.4,left_knee,-14.0
12.4,right_knee,4.43
12.433,left_elbow,32.2
12.433,right_elbow,47.76
12.433,left_shoulder,-45.92
12.433,right_shoulder,-136.66
12.433,left_knee,-8.29
12.433,right_knee,11.41
12.5,left_elbow,25.9
12.5,right_elbow,45.38
12.5,left_shoulder,-54.61
12.5,right_shoulder,-141.76
12.5,left_knee,-0.96
12.5,right_knee,4.18
12.567,left_elbow,22.99
12.567,right_elbow,48.74
12.567,left_shoulder,-62.69
12.567,right_shoulder,-145.07
12.567,left_knee,-0.12
12.567,right_knee,4.78
12.6,left_elbow,-148.7
12.6,right_elbow,41.31
12.6,left_shoulder,-37.89
12.6,right_shoulder,-161.28
12.6,left_knee,4.03
12.6,right_knee,2.74
12.667,left_elbow,16.19
12.667,right_elbow,-41.05
12.667,left_shoulder,-70.33
12.667,right_shoulder,-111.82
12.667,left_knee,5.55
12.667,right_knee,9.52
12.833,left_elbow,92.43
12.833,right_elbow,38.8
12.833,left_shoulder,-51.81
12.833,right_shoulder,-87.78
12.833,left_knee,14.17
12.833,right_knee,11.89
12.9,left_elbow,30.02
12.9,right_elbow,3.89
12.9,left_shoulder,-77.09
12.9,right_shoulder,-85.3
12.9,left_knee,10.98
12.9,right_knee,36.83
12.933,left_elbow,17.42
12.933,right_elbow,-17.06
12.933,left_shoulder,-76.49
12.933,right_shoulder,-83.34
12.933,left_knee,10.72
12.933,right_knee,30.05
13.0,left_elbow,8.79
13.0,right_elbow,101.74
13.0,left_shoulder,-49.13
13.0,right_shoulder,-110.23
13.0,left_knee,9.35
13.0,right_knee,40.83
13.033,left_elbow,25.48
13.033,right_elbow,60.73
13.033,left_shoulder,-28.67
13.033,right_shoulder,-86.32
13.033,left_knee,1.52
13.033,right_knee,42.41
13.067,left_elbow,44.81
13.067,right_elbow,-27.65
13.067,left_shoulder,-11.69
13.067,right_shoulder,15.08
13.067,left_knee,3.44
13.067,right_knee,43.81
13.1,left_elbow,19.14
13.1,right_elbow,-83.85
13.1,left_shoulder,7.61
13.1,right_shoulder,-36.31
13.1,left_knee,6.79
13.1,right_knee,35.55
13.133,left_elbow,-39.32
13.133,right_elbow,-53.38
13.133,left_shoulder,6.94
13.133,right_shoulder,-8.17
13.133,left_knee,8.3
13.133,right_knee,28.28
13.167,left_elbow,-49.99
13.167,right_elbow,-72.64
13.167,left_shoulder,9.97
13.167,right_shoulder,-22.77
13.167,left_knee,5.39
13.167,right_knee,-21.01
13.2,left_elbow,-47.32
13.2,right_elbow,-112.06
13.2,left_shoulder,-1.93
13.2,right_shoulder,-51.59
13.2,left_knee,3.17
13.2,right_knee,-33.49
13.233,left_elbow,-64.82
13.233,right_elbow,-110.76
13.233,left_shoulder,-16.63
13.233,right_shoulder,-54.55
13.233,left_knee,-5.61
13.233,right_knee,-22.82
13.267,left_elbow,-87.23
13.267,right_elbow,-55.21
13.267,left_shoulder,-41.91
13.267,right_shoulder,-72.23
13.267,left_knee,-33.55
13.267,right_knee,-0.76
13.3,left_elbow,-103.88
13.3,right_elbow,-92.49
13.3,left_shoulder,-37.27
13.3,right_shoulder,-56.6
13.3,left_knee,-47.02
13.3,right_knee,9.82
13.333,left_elbow,-133.69
13.333,right_elbow,-106.13
13.333,left_shoulder,-13.03
13.333,right_shoulder,-52.13
13.333,left_knee,-53.55
13.333,right_knee,16.6
13.367,left_elbow,-141.71
13.367,right_elbow,-129.98
13.367,left_shoulder,-3.45
13.367,right_shoulder,-46.97
13.367,left_knee,-40.24
13.367,right_knee,39.44
13.4,left_elbow,-142.24
13.4,right_elbow,-115.19
13.4,left_shoulder,-1.54
13.4,right_shoulder,-63.89
13.4,left_knee,-25.05
13.4,right_knee,49.13
13.433,left_elbow,-156.21
13.433,right_elbow,-162.56
13.433,left_shoulder,19.46
13.433,right_shoulder,-51.34
13.433,left_knee,-19.43
13.433,right_knee,38.12
13.467,left_elbow,-149.89
13.467,right_elbow,-163.29
13.467,left_shoulder,29.94
13.467,right_shoulder,-50.53
13.467,left_knee,-31.88
13.467,right_knee,16.23
13.5,left_elbow,-136.29
13.5,right_elbow,-152.84
13.5,left_shoulder,31.98
13.5,right_shoulder,-45.3
13.5,left_knee,-20.81
13.5,right_knee,-5.3
13.533,left_elbow,-124.71
13.533,right_elbow,-141.86
13.533,left_shoulder,38.61
13.533,right_shoulder,-53.23
13.533,left_knee,-1.05
13.533,right_knee,-19.39
13.567,left_elbow,-121.97
13.567,right_elbow,-127.04
13.567,left_shoulder,36.41
13.567,right_shoulder,-41.97
13.567,left_knee,-0.43
13.567,right_knee,-12.28
13.6,left_elbow,-127.68
13.6,right_elbow,-114.39
13.6,left_shoulder,38.3
13.6,right_shoulder,-16.91
13.6,left_knee,-9.93
13.6,right_knee,-19.56
13.633,left_elbow,-135.18
13.633,right_elbow,-122.45
13.633,left_shoulder,50.64
13.633,right_shoulder,-2.96
13.633,left_knee,-1.11
13.633,right_knee,-9.8
13.667,left_elbow,-148.06
13.667,right_elbow,-106.46
13.667,left_shoulder,57.15
13.667,right_shoulder,8.13
13.667,left_knee,12.5
13.667,right_knee,5.2
13.7,left_elbow,-46.32
13.7,right_elbow,-70.75
13.7,left_shoulder,18.68
13.7,right_shoulder,30.8
13.7,left_knee,19.63
13.7,right_knee,9.41
13.733,left_elbow,30.4
13.733,right_elbow,-42.1
13.733,left_shoulder,-9.67
13.733,right_shoulder,38.2
13.733,left_knee,16.85
13.733,right_knee,12.44
13.767,left_elbow,46.04
13.767,right_elbow,-12.81
13.767,left_shoulder,41.83
13.767,right_shoulder,33.12
13.767,left_knee,16.05
13.767,right_knee,15.53
13.8,left_elbow,77.53
13.8,right_elbow,13.7
13.8,left_shoulder,44.77
13.8,right_shoulder,39.92
13.8,left_knee,19.4
13.8,right_knee,17.45
13.833,left_elbow,40.55
13.833,right_elbow,35.51
13.833,left_shoulder,51.89
13.833,right_shoulder,33.39
13.833,left_knee,-1.94
13.833,right_knee,12.14
13.867,left_elbow,10.85
13.867,right_elbow,140.35
13.867,left_shoulder,31.42
13.867,right_shoulder,17.31
13.867,left_knee,14.54
13.867,right_knee,18.58
13.9,left_elbow,9.17
13.9,right_elbow,135.9
13.9,left_shoulder,21.87
13.9,right_shoulder,8.89
13.9,left_knee,10.67
13.9,right_knee,2.69
13.933,left_elbow,10.15
13.933,right_elbow,138.6
13.933,left_shoulder,9.53
13.933,right_shoulder,3.63
13.933,left_knee,-7.49
13.933,right_knee,41.79
13.967,left_elbow,7.04
13.967,right_elbow,140.88
13.967,left_shoulder,14.4
13.967,right_shoulder,-0.42
13.967,left_knee,1.84
13.967,right_knee,46.52
14.0,left_elbow,10.92
14.0,right_elbow,143.53
14.0,left_shoulder,12.43
14.0,right_shoulder,2.11
14.0,left_knee,7.6
14.0,right_knee,53.88
14.033,left_elbow,14.05
14.033,right_elbow,137.78
14.033,left_shoulder,-1.97
14.033,right_shoulder,-4.51
14.033,left_knee,11.21
14.033,right_knee,50.42
14.067,left_elbow,12.43
14.067,right_elbow,135.52
14.067,left_shoulder,-6.53
14.067,right_shoulder,-3.47
14.067,left_knee,9.03
14.067,right_knee,25.52
14.1,left_elbow,20.87
14.1,right_elbow,128.4
14.1,left_shoulder,-7.31
14.1,right_shoulder,-3.35
14.1,left_knee,16.11
14.1,right_knee,7.81
14.133,left_elbow,-140.04
14.133,right_elbow,66.45
14.133,left_shoulder,-2.2
14.133,right_shoulder,0.42
14.133,left_knee,18.85
14.133,right_knee,0.52
14.167,left_elbow,-141.21
14.167,right_elbow,27.34
14.167,left_shoulder,-5.26
14.167,right_shoulder,6.02
14.167,left_knee,40.94
14.167,right_knee,-1.36
14.2,left_elbow,-163.4
14.2,right_elbow,10.53
14.2,left_shoulder,-8.49
14.2,right_shoulder,7.84
14.2,left_knee,26.91
14.2,right_knee,5.77
14.233,left_elbow,-138.15
14.233,right_elbow,6.31
14.233,left_shoulder,2.89
14.233,right_shoulder,28.37
14.233,left_knee,50.61
14.233,right_knee,5.9
14.267,left_elbow,-132.3
14.267,right_elbow,-7.62
14.267,left_shoulder,9.0
14.267,right_shoulder,46.99
14.267,left_knee,41.68
14.267,right_knee,8.84
14.3,left_elbow,-111.77
14.3,right_elbow,-4.18
14.3,left_shoulder,9.5
14.3,right_shoulder,54.12
14.3,left_knee,56.81
14.3,right_knee,15.47
14.333,left_elbow,-91.92
14.333,right_elbow,-1.44
14.333,left_shoulder,9.34
14.333,right_shoulder,63.3
14.333,left_knee,46.94
14.333,right_knee,22.79
14.367,left_elbow,-72.53
14.367,right_elbow,-17.14
14.367,left_shoulder,13.08
14.367,right_shoulder,72.57
14.367,left_knee,23.89
14.367,right_knee,28.14
14.4,left_elbow,-50.73
14.4,right_elbow,-23.53
14.4,left_shoulder,12.74
14.4,right_shoulder,79.08
14.4,left_knee,22.43
14.4,right_knee,13.46
14.433,left_elbow,-44.68
14.433,right_elbow,-26.15
14.433,left_shoulder,2.52
14.433,right_shoulder,90.85
14.433,left_knee,22.06
14.433,right_knee,7.69
14.467,left_elbow,-31.84
14.467,right_elbow,-55.69
14.467,left_shoulder,-9.4
14.467,right_shoulder,85.05
14.467,left_knee,4.96
14.467,right_knee,5.09
14.5,left_elbow,-13.76
14.5,right_elbow,-78.02
14.5,left_shoulder,-6.21
14.5,right_shoulder,82.59
14.5,left_knee,0.18
14.5,right_knee,8.41
14.533,left_elbow,-11.75
14.533,right_elbow,-115.66
14.533,left_shoulder,-20.87
14.533,right_shoulder,81.8
14.533,left_knee,11.94
14.533,right_knee,-18.94
14.567,left_elbow,-5.87
14.567,right_elbow,-144.86
14.567,left_shoulder,-30.38
14.567,right_shoulder,67.84
14.567,left_knee,5.0
14.567,right_knee,-8.29
14.6,left_elbow,-3.21
14.6,right_elbow,-163.87
14.6,left_shoulder,-35.92
14.6,right_shoulder,51.52
14.6,left_knee,-10.21
14.6,right_knee,12.85
14.633,left_elbow,-13.34
14.633,right_elbow,-146.02
14.633,left_shoulder,-50.74
14.633,right_shoulder,37.58
14.633,left_knee,-44.12
14.633,right_knee,15.82
14.667,left_elbow,-14.72
14.667,right_elbow,-118.97
14.667,left_shoulder,-63.19
14.667,right_shoulder,25.27
14.667,left_knee,-56.05
14.667,right_knee,15.57
14.7,left_elbow,-16.84
14.7,right_elbow,-140.8
14.7,left_shoulder,-74.12
14.7,right_shoulder,-31.91
14.7,left_knee,-26.41
14.7,right_knee,14.66
14.733,left_elbow,-20.56
14.733,right_elbow,-138.9
14.733,left_shoulder,-87.34
14.733,right_shoulder,-55.34
14.733,left_knee,-15.92
14.733,right_knee,11.46
14.767,left_elbow,-32.32
14.767,right_elbow,-143.72
14.767,left_shoulder,-88.43
14.767,right_shoulder,-70.44
14.767,left_knee,-13.42
14.767,right_knee,18.73
14.8,left_elbow,-23.87
14.8,right_elbow,-152.71
14.8,left_shoulder,-94.07
14.8,right_shoulder,-79.01
14.8,left_knee,-7.91
14.8,right_knee,26.01
14.833,left_elbow,-12.18
14.833,right_elbow,-141.47
14.833,left_shoulder,-109.47
14.833,right_shoulder,-85.3
14.833,left_knee,-3.71
14.833,right_knee,11.99
14.867,left_elbow,-18.76
14.867,right_elbow,-159.68
14.867,left_shoulder,-140.35
14.867,right_shoulder,-89.58
14.867,left_knee,3.91
14.867,right_knee,8.23
14.9,left_elbow,-142.91
14.9,right_elbow,-162.35
14.9,left_shoulder,-134.31
14.9,right_shoulder,-109.74
14.9,left_knee,103.3
14.9,right_knee,13.27
15.1,left_elbow,-2.68
15.1,right_elbow,92.53
15.1,left_shoulder,-50.52
15.1,right_shoulder,-100.64
15.1,left_knee,-5.65
15.1,right_knee,-5.2
15.133,left_elbow,-9.57
15.133,right_elbow,77.29
15.133,left_shoulder,28.48
15.133,right_shoulder,-86.05
15.133,left_knee,0.85
15.133,right_knee,13.79
15.167,left_elbow,-8.37
15.167,right_elbow,32.39
15.167,left_shoulder,20.82
15.167,right_shoulder,-69.09
15.167,left_knee,-17.32
15.167,right_knee,5.94
15.2,left_elbow,-14.6
15.2,right_elbow,36.6
15.2,left_shoulder,26.17
15.2,right_shoulder,-45.31
15.2,left_knee,-28.59
15.2,right_knee,6.68
15.233,left_elbow,-14.78
15.233,right_elbow,89.93
15.233,left_shoulder,48.18
15.233,right_shoulder,-19.89
15.233,left_knee,-0.52
15.233,right_knee,15.44
15.267,left_elbow,-12.76
15.267,right_elbow,158.66
15.267,left_shoulder,83.37
15.267,right_shoulder,3.36
15.267,left_knee,20.32
15.267,right_knee,7.67
15.3,left_elbow,-8.75
15.3,right_elbow,31.28
15.3,left_shoulder,102.16
15.3,right_shoulder,26.45
15.3,left_knee,36.51
15.3,right_knee,-34.48
15.333,left_elbow,-7.41
15.333,right_elbow,13.64
15.333,left_shoulder,102.9
15.333,right_shoulder,39.62
15.333,left_knee,15.38
15.333,right_knee,-0.03
15.367,left_elbow,-8.38
15.367,right_elbow,-27.22
15.367,left_shoulder,145.2
15.367,right_shoulder,57.77
15.367,left_knee,44.48
15.367,right_knee,-4.73
15.4,left_elbow,-20.04
15.4,right_elbow,-42.7
15.4,left_shoulder,144.38
15.4,right_shoulder,67.73
15.4,left_knee,68.22
15.4,right_knee,0.25
15.433,left_elbow,-34.47
15.433,right_elbow,-52.59
15.433,left_shoulder,144.86
15.433,right_shoulder,75.44
15.433,left_knee,73.9
15.433,right_knee,40.42
15.467,left_elbow,-26.23
15.467,right_elbow,-89.98
15.467,left_shoulder,114.2
15.467,right_shoulder,71.55
15.467,left_knee,41.75
15.467,right_knee,33.0
15.5,left_elbow,-51.63
15.5,right_elbow,-149.49
15.5,left_shoulder,100.62
15.5,right_shoulder,45.39
15.5,left_knee,54.2
15.5,right_knee,-16.93
15.533,left_elbow,-42.88
15.533,right_elbow,-134.69
15.533,left_shoulder,81.32
15.533,right_shoulder,20.07
15.533,left_knee,64.55
15.533,right_knee,16.07
15.567,left_elbow,-50.28
15.567,right_elbow,-144.34
15.567,left_shoulder,90.37
15.567,right_shoulder,-23.11
15.567,left_knee,69.64
15.567,right_knee,18.84
15.6,left_elbow,-42.51
15.6,right_elbow,-140.59
15.6,left_shoulder,98.11
15.6,right_shoulder,-25.7
15.6,left_knee,84.26
15.6,right_knee,25.2
15.633,left_elbow,-43.04
15.633,right_elbow,-102.45
15.633,left_shoulder,97.35
15.633,right_shoulder,-34.43
15.633,left_knee,40.68
15.633,right_knee,33.79
15.667,left_elbow,-26.96
15.667,right_elbow,-66.04
15.667,left_shoulder,108.09
15.667,right_shoulder,-19.14
15.667,left_knee,61.37
15.667,right_knee,19.88
15.7,left_elbow,-27.63
15.7,right_elbow,-83.85
15.7,left_shoulder,130.33
15.7,right_shoulder,-5.86
15.7,left_knee,60.81
15.7,right_knee,10.81
15.733,left_elbow,-21.0
15.733,right_elbow,-41.48
15.733,left_shoulder,148.33
15.733,right_shoulder,34.62
15.733,left_knee,43.29
15.733,right_knee,12.16
15.767,left_elbow,11.24
15.767,right_elbow,-47.78
15.767,left_shoulder,167.26
15.767,right_shoulder,37.79
15.767,left_knee,11.99
15.767,right_knee,-16.03
15.8,left_elbow,-26.87
15.8,right_elbow,-70.16
15.8,left_shoulder,3.07
15.8,right_shoulder,31.8
15.8,left_knee,-8.85
15.8,right_knee,-11.19
15.833,left_elbow,-5.29
15.833,right_elbow,-124.03
15.833,left_shoulder,-9.42
15.833,right_shoulder,22.24
15.833,left_knee,-5.62
15.833,right_knee,3.56
15.867,left_elbow,36.88
15.867,right_elbow,-55.55
15.867,left_shoulder,-22.84
15.867,right_shoulder,-1.52
15.867,left_knee,-16.36
15.867,right_knee,3.54
15.9,left_elbow,-18.91
15.9,right_elbow,-39.11
15.9,left_shoulder,118.49
15.9,right_shoulder,10.66
15.9,left_knee,-5.02
15.9,right_knee,22.16
15.933,left_elbow,-50.72
15.933,right_elbow,-51.78
15.933,left_shoulder,78.47
15.933,right_shoulder,-5.02
15.933,left_knee,16.43
15.933,right_knee,30.1
15.967,left_elbow,-56.4
15.967,right_elbow,-47.24
15.967,left_shoulder,69.62
15.967,right_shoulder,-23.25
15.967,left_knee,18.6
15.967,right_knee,23.46
16.0,left_elbow,-39.81
16.0,right_elbow,-48.79
16.0,left_shoulder,51.77
16.0,right_shoulder,-33.43
16.0,left_knee,15.91
16.0,right_knee,16.86
16.067,left_elbow,-58.82
16.067,right_elbow,14.11
16.067,left_shoulder,-46.46
16.067,right_shoulder,2.17
16.067,left_knee,3.43
16.067,right_knee,-12.35
16.133,left_elbow,-51.06
16.133,right_elbow,-26.32
16.133,left_shoulder,-50.27
16.133,right_shoulder,-54.39
16.133,left_knee,4.01
16.133,right_knee,-3.44
16.2,left_elbow,4.51
16.2,right_elbow,-63.72
16.2,left_shoulder,6.19
16.2,right_shoulder,-123.6
16.2,left_knee,-4.51
16.2,right_knee,-25.27
16.233,left_elbow,-24.01
16.233,right_elbow,-91.23
16.233,left_shoulder,9.59
16.233,right_shoulder,-118.88
16.233,left_knee,-24.0
16.233,right_knee,-13.34
16.267,left_elbow,-21.63
16.267,right_elbow,-93.5
16.267,left_shoulder,10.52
16.267,right_shoulder,-68.64
16.267,left_knee,-16.6
16.267,right_knee,-12.55
16.3,left_elbow,-31.71
16.3,right_elbow,-81.29
16.3,left_shoulder,6.09
16.3,right_shoulder,-57.34
16.3,left_knee,-12.64
16.3,right_knee,-13.23
16.367,left_elbow,-40.52
16.367,right_elbow,-94.06
16.367,left_shoulder,-1.7
16.367,right_shoulder,-58.41
16.367,left_knee,42.25
16.367,right_knee,2.54
16.433,left_elbow,-23.96
16.433,right_elbow,-115.26
16.433,left_shoulder,-10.13
16.433,right_shoulder,-77.42
16.433,left_knee,54.93
16.433,right_knee,17.26
16.5,left_elbow,-9.94
16.5,right_elbow,-96.24
16.5,left_shoulder,-21.33
16.5,right_shoulder,-70.62
16.5,left_knee,64.91
16.5,right_knee,19.42
16.567,left_elbow,-4.88
16.567,right_elbow,-77.05
16.567,left_shoulder,-23.41
16.567,right_shoulder,-83.9
16.567,left_knee,68.33
16.567,right_knee,14.95
16.633,left_elbow,-4.65
16.633,right_elbow,-80.04
16.633,left_shoulder,-19.18
16.633,right_shoulder,-88.3
16.633,left_knee,82.53
16.633,right_knee,-7.84
16.7,left_elbow,-3.1
16.7,right_elbow,-83.35
16.7,left_shoulder,-12.8
16.7,right_shoulder,-90.04
16.7,left_knee,18.72
16.7,right_knee,-9.36
16.733,left_elbow,-1.42
16.733,right_elbow,-86.24
16.733,left_shoulder,-10.56
16.733,right_shoulder,-90.8
16.733,left_knee,78.04
16.733,right_knee,29.49
16.767,left_elbow,-2.14
16.767,right_elbow,-89.64
16.767,left_shoulder,-13.32
16.767,right_shoulder,-92.22
16.767,left_knee,94.26
16.767,right_knee,26.12
16.8,left_elbow,-0.6
16.8,right_elbow,-93.52
16.8,left_shoulder,-8.65
16.8,right_shoulder,-91.06
16.8,left_knee,103.91
16.8,right_knee,32.54
16.867,left_elbow,3.12
16.867,right_elbow,-98.93
16.867,left_shoulder,-4.01
16.867,right_shoulder,-92.98
16.867,left_knee,90.91
16.867,right_knee,26.44
16.933,left_elbow,0.44
16.933,right_elbow,-96.24
16.933,left_shoulder,-1.13
16.933,right_shoulder,-93.43
16.933,left_knee,52.62
16.933,right_knee,10.13
